,mutation,position,frequency,lineage,proportion,feature_threshold,group
0,NSP2_I491V,671,98.9949748744,N.D.,N.D.,N.D.,0
1,NSP3_T183I,1001,100.0,B.1.1.7,24/27,FV-75,1
2,NSP3_G212V,1030,100.0,N.D.,N.D.,N.D.,0
3,NSP3_V473F,1291,99.6758508914,N.D.,N.D.,N.D.,0
4,NSP3_A890D,1708,100.0,B.1.1.7,24/27,FV-75,1
5,NSP3_I1412T,2230,100.0,B.1.1.7,24/27,FV-75,1
6,NSP6_S106del,3675,97.8835978836,B.1.1.7,24/27,FV-75,1
7,NSP6_G107del,3676,97.8835978836,B.1.1.7,24/27,FV-75,1
8,NSP6_F108del,3677,97.8835978836,B.1.1.7,24/27,FV-75,1
9,NSP12_P323L,4715,100.0,B.1.1.7,24/27,FV-75,1
10,NSP14_M501I,6426,100.0,N.D.,N.D.,N.D.,0
11,Spike_H69del,7166,97.842835131,B.1.1.7,24/27,FV-75,1
12,Spike_V70del,7167,97.842835131,B.1.1.7,24/27,FV-75,1
13,Spike_Y144del,7241,99.1803278689,B.1.1.7,24/27,FV-75,1
14,Spike_D427N,7524,99.732381802,N.D.,N.D.,N.D.,0
15,Spike_N501Y,7598,100.0,B.1.1.7,24/27,FV-75,1
16,Spike_A570D,7667,99.6666666667,B.1.1.7,24/27,FV-75,1
17,Spike_D614G,7711,99.6699669967,B.1.1.7,24/27,FV-75,1
18,Spike_P681H,7778,100.0,B.1.1.7,24/27,FV-75,1
19,Spike_T716I,7813,100.0,B.1.1.7,24/27,FV-75,1
20,Spike_S982A,8079,99.7084548105,B.1.1.7,24/27,FV-75,1
21,Spike_D1118H,8215,99.7894736842,B.1.1.7,24/27,FV-75,1
22,NS3_G188C,8559,99.0774907749,N.D.,N.D.,N.D.,0
23,NS8_Q27stop,9201,100.0,B.1.1.7,24/27,FV-75,1
24,NS8_R52I,9226,99.0,B.1.1.7,24/27,FV-75,1
25,NS8_Y73C,9247,99.8886414254,B.1.1.7,24/27,FV-75,1
26,N_D3L,9299,99.7171145686,B.1.1.7,24/27,FV-75,1
27,N_R203K,9499,99.4565217391,B.1.1.7,24/27,FV-75,1
28,N_G204R,9500,99.4565217391,B.1.1.7,24/27,FV-75,1
29,N_S235F,9531,99.7280145059,B.1.1.7,24/27,FV-75,1
