,mutation,position,frequency,lineage,proportion,feature_threshold,group
0,NSP2_I491V,671,100.0,N.D.,N.D.,N.D.,0
1,NSP3_T183I,1001,99.8520710059,B.1.1.7,24/27,FV-75,1
2,NSP3_V473F,1291,99.9233128834,N.D.,N.D.,N.D.,0
3,NSP3_A890D,1708,100.0,B.1.1.7,24/27,FV-75,1
4,NSP3_L1244F,2062,93.4472934473,N.D.,N.D.,N.D.,0
5,NSP3_K1325N,2143,100.0,N.D.,N.D.,N.D.,0
6,NSP3_I1412T,2230,100.0,B.1.1.7,24/27,FV-75,1
7,NSP6_S106del,3675,98.5365853659,B.1.1.7,24/27,FV-75,1
8,NSP6_G107del,3676,98.5365853659,B.1.1.7,24/27,FV-75,1
9,NSP6_F108del,3677,98.5365853659,B.1.1.7,24/27,FV-75,1
10,NSP12_P323L,4715,99.7950819672,B.1.1.7,24/27,FV-75,1
11,Spike_H69del,7166,98.7669543773,B.1.1.7,24/27,FV-75,1
12,Spike_V70del,7167,98.7669543773,B.1.1.7,24/27,FV-75,1
13,Spike_Y144del,7241,98.5065339141,B.1.1.7,24/27,FV-75,1
14,Spike_N501Y,7598,100.0,B.1.1.7,24/27,FV-75,1
15,Spike_A570D,7667,99.591280654,B.1.1.7,24/27,FV-75,1
16,Spike_D614G,7711,99.7300944669,B.1.1.7,24/27,FV-75,1
17,Spike_P681H,7778,100.0,B.1.1.7,24/27,FV-75,1
18,Spike_T716I,7813,99.6784565916,B.1.1.7,24/27,FV-75,1
19,Spike_S982A,8079,100.0,B.1.1.7,24/27,FV-75,1
20,Spike_D1118H,8215,100.0,B.1.1.7,24/27,FV-75,1
21,NS3_G188C,8559,99.7744360902,N.D.,N.D.,N.D.,0
22,NS8_Q27stop,9201,100.0,B.1.1.7,24/27,FV-75,1
23,NS8_R52I,9226,99.3939393939,B.1.1.7,24/27,FV-75,1
24,NS8_Y73C,9247,100.0,B.1.1.7,24/27,FV-75,1
25,N_D3L,9299,99.4417862839,B.1.1.7,24/27,FV-75,1
26,N_R14C,9310,100.0,N.D.,N.D.,N.D.,0
27,N_R203K,9499,99.7456549385,B.1.1.7,24/27,FV-75,1
28,N_G204R,9500,99.7456549385,B.1.1.7,24/27,FV-75,1
29,N_S235F,9531,99.6566523605,B.1.1.7,24/27,FV-75,1
30,NS10_P10S,9726,99.6993987976,N.D.,N.D.,N.D.,0
