lineage,frequency
Delta,87.67825895663637
B.1.619,19.40974832069008
