lineage,frequency
Delta(AY.2),82.88329622279998
Delta(AY.3),16.870068352472735
