lineage,frequency
Alpha,11.85187939485
Iota,89.52855508444998
