lineage,frequency
Alpha(B.1.1.7),56.6436161317
Delta(B.1.617.2),41.11837698983684
