lineage,frequency
Delta(AY.2),85.43655312704
Delta(AY.3),13.524584498661739
