lineage,frequency
Alpha,58.245756945428575
B.1.429,41.822127459112984
