lineage,frequency
Alpha,72.1998422096375
Eta,25.116351568060004
