lineage,frequency
Delta(AY.2),73.27208095912
Delta(AY.3),25.465424150653046
