lineage,frequency
Alpha,81.48052283089999
B.1.2,18.959804407560004
