lineage,frequency
Alpha(B.1.1.7),25.44191728978889
B.1.2,74.07589377087223
