lineage,frequency
Delta(AY.3),89.19212703198262
B.1.619,18.996875209232016
