lineage,frequency
Alpha,56.6436161317
Delta,40.08282648645
