lineage,frequency
B.1.628,84.63710470768824
Gamma,16.60594048653897
