lineage,frequency
Delta(AY.2),16.775727542060004
Delta(AY.3),82.37247024688455
