lineage,frequency
Alpha,25.44191728978889
B.1.2,74.07589377087223
