lineage,frequency
Gamma,18.20810084899
B.1.2,83.12569695395777
