lineage,frequency
Alpha,40.29707757755
B.1.2,60.04541886420909
