lineage,frequency
Alpha,79.54490856592858
B.1.429,21.261889811831168
