lineage,frequency
Alpha,74.93933883925715
B.1.429,26.00220618935397
