lineage,frequency
Gamma,19.1986063598
B.1.427,83.61803369591999
