lineage,frequency
Delta(AY.2),49.056312321940005
Delta(AY.3),50.51581342032455
