lineage,frequency
Delta(AY.2),47.0908064532
Delta(AY.3),48.840580939732
