lineage,frequency
Alpha,46.702201272150006
Delta,53.35621225643
