lineage,frequency
B.1.1.519,72.95110469
B.1.427,36.38360263915
