lineage,frequency
Alpha,20.043398930374998
Iota,78.86530877903677
