lineage,frequency
B.1.568,83.4839875259
Iota(B.1.526),16.773322638957893
