lineage,frequency
Alpha,78.364579180475
Iota,19.562103483049995
