lineage,frequency
Delta(AY.2),76.48762356898001
Delta(AY.1),24.383925179025216
