lineage,frequency
Alpha,37.770472550933334
Iota,74.823098799225
