lineage,frequency
Gamma(P.1.2),55.346889812762505
Iota(B.1.526),47.341795643726556
