lineage,frequency
Alpha(B.1.1.7),79.54490856592858
B.1.429,21.261889811831168
