lineage,frequency
Alpha,65.65676915825
Gamma,35.0053592453
