lineage,frequency
Alpha(B.1.1.7),58.245756945428575
B.1.429,41.822127459112984
