lineage,frequency
Eta,19.81066940488
Iota,78.8650090729389
