lineage,frequency
Alpha(B.1.1.7),47.414271584642854
Iota(B.1.526),51.44234357962269
