lineage,frequency
Delta,87.421191766525
B.1.621,11.339827186800001
