lineage,frequency
B.1.517,78.10095573214001
B.1.2,20.041179952415554
