lineage,frequency
Alpha(B.1.1.7),20.89545873342857
B.1.427,81.21126209133429
