lineage,frequency
Alpha,49.71020753768572
Iota,49.422636575242855
