lineage,frequency
B.1.628,84.93421238165625
Gamma(P.1),16.41802797310329
