lineage,frequency
Alpha,89.13996955521111
Delta,11.86281614509
