lineage,frequency
Alpha,81.40850229195
Iota,17.03646670650294
