lineage,frequency
B.1.621,11.339827186800001
Delta(B.1.617.2),88.18803967959566
