lineage,frequency
Alpha(B.1.1.7),89.13996955521111
Delta(B.1.617.2),11.797070843890598
