lineage,frequency
Gamma(P.1.1),17.363612174266667
B.1.427,83.98503253302665
