lineage,frequency
Alpha,20.3781015513125
Delta,79.30627547025
