lineage,frequency
Alpha,15.2098494365625
Iota,82.95328430920486
