lineage,frequency
Alpha(B.1.1.7),72.1998422096375
Eta(B.1.525),25.116351568060004
