lineage,frequency
Gamma,55.346889812762505
Iota,47.341795643726556
