lineage,frequency
Alpha,81.9504765948
B.1.575,17.235040248262504
