lineage,frequency
Alpha(B.1.1.7),35.97503351315714
Iota(B.1.526),64.00550313191879
