lineage,frequency
B.1.575.1,41.42631118315
B.1.429,57.395342027072225
