lineage,frequency
Alpha,26.9573423278
Iota,72.60066186392105
