lineage,frequency
Alpha,47.414271584642854
Iota,51.44234357962269
