lineage,frequency
Alpha(B.1.1.7),46.702201272150006
Delta(B.1.617.2),52.917173469745464
