lineage,frequency
Alpha,35.97503351315714
Iota,64.00550313191879
