lineage,frequency
B.1.568,83.4839875259
Iota,16.773322638957893
