lineage,frequency
Gamma(P.1.1),16.914454804233333
B.1.2,83.41317385279258
