lineage,frequency
B.1.214.3,13.186572324733334
B.1.429,80.45251801962223
