lineage,frequency
Alpha(B.1.1.7),26.9573423278
Iota(B.1.526),72.60066186392105
