lineage,frequency
Alpha(B.1.1.7),37.770472550933334
Iota(B.1.526),74.823098799225
