lineage,frequency
Delta(AY.2),23.917696886433333
Delta(AY.3),69.95138086330151
