lineage,frequency
Eta(B.1.525),19.81066940488
Iota(B.1.526),78.8650090729389
