lineage,frequency
Delta(AY.2),60.64161689637999
Delta(AY.3),38.0604271370896
