lineage,frequency
Delta(AY.2),80.61181715588
Delta(AY.3),17.44247783323545
