lineage,frequency
Alpha(B.1.1.7),81.40850229195
Iota(B.1.526),17.03646670650294
