lineage,frequency
Alpha(B.1.1.7),55.39424924111428
Gamma(P.1),25.329302376910316
Iota(B.1.526),24.745759203215393
