lineage,frequency
Alpha(B.1.1.7),65.65676915825
Gamma(P.1.1),34.8215913695
