lineage,frequency
Alpha(B.1.1.7),78.364579180475
Iota(B.1.526),19.562103483049995
