lineage,frequency
Alpha(B.1.1.7),20.3781015513125
Delta(B.1.617.2),78.73398440715341
