lineage,frequency
Delta(AY.2),19.8745712918
Delta(AY.3),72.93125475574999
