lineage,frequency
Delta(AY.2),13.315021058300001
Delta(AY.3),87.79719652366363
