lineage,frequency
Alpha(B.1.1.7),74.93933883925715
B.1.429,26.00220618935397
