lineage,frequency
Alpha(B.1.1.7),11.85187939485
Iota(B.1.526),89.52855508444998
