lineage,frequency
Iota(B.1.526),75.97686242431763
B.1.1.519,25.487813931666473
