lineage,frequency
Alpha(B.1.1.7),49.71020753768572
Iota(B.1.526),49.422636575242855
