lineage,frequency
Alpha(B.1.1.7),20.043398930374998
Iota(B.1.526),78.86530877903677
