lineage,frequency
Alpha(B.1.1.7),62.0230801989125
B.1.2,36.821073288325
