lineage,frequency
Alpha(B.1.1.7),80.77493151405557
B.1.1.519,18.312786558272222
