lineage,frequency
Delta(AY.2),45.764201652320004
Delta(AY.3),52.563142975435234
