lineage,frequency
Alpha(B.1.1.7),81.48052283089999
B.1.2,18.959804407560004
