,mutation,position,frequency,lineage,proportion,feature_threshold,group
0,NSP1_K141del,141,97.2972972973,N.D.,N.D.,N.D.,0
1,NSP1_S142del,142,97.2972972973,N.D.,N.D.,N.D.,0
2,NSP1_F143del,143,97.2972972973,N.D.,N.D.,N.D.,0
3,NSP2_T44I,224,100.0,N.D.,N.D.,N.D.,0
4,NSP3_D135Y,953,100.0,N.D.,N.D.,N.D.,0
5,NSP3_P141S,959,100.0,B.1.1.519,11/12,FV-75,1
6,NSP4_T492I,3255,100.0,B.1.1.519,11/12,FV-75,1
7,NSP6_I49V,3618,100.0,B.1.1.519,11/12,FV-75,1
8,NSP9_T35I,4175,83.9203675345,B.1.1.519,11/12,FV-75,1
9,NSP12_P323L,4715,100.0,B.1.1.519,11/12,FV-75,1
10,Spike_T478K,7575,100.0,B.1.1.519,11/12,FV-75,1
11,Spike_D614G,7711,100.0,B.1.1.519,11/12,FV-75,1
12,Spike_P681H,7778,100.0,B.1.1.519,11/12,FV-75,1
13,Spike_T732A,7829,100.0,B.1.1.519,11/12,FV-75,1
14,Spike_V1177L,8274,39.9452804378,N.D.,N.D.,N.D.,0
15,NS3_S60F,8431,100.0,N.D.,N.D.,N.D.,0
16,N_A90S,9386,100.0,N.D.,N.D.,N.D.,0
17,N_R203K,9499,99.605781866,B.1.1.519,11/12,FV-75,1
18,N_G204R,9500,99.605781866,B.1.1.519,11/12,FV-75,1
