,mutation,position,frequency,lineage,proportion,feature_threshold,group
0,NSP3_P141S,959,100.0,B.1.1.519,10/12,FV-75,1
1,NSP3_A1527V,2345,100.0,N.D.,N.D.,N.D.,0
2,NSP4_T461I,3224,100.0,N.D.,N.D.,N.D.,0
3,NSP4_T492I,3255,100.0,B.1.1.519,10/12,FV-75,1
4,NSP6_I49V,3618,100.0,B.1.1.519,10/12,FV-75,1
5,NSP12_G44V,4436,100.0,N.D.,N.D.,N.D.,0
6,NSP12_P323L,4715,100.0,B.1.1.519,10/12,FV-75,1
7,Spike_T22I,7119,99.716713881,N.D.,N.D.,N.D.,0
8,Spike_T478K,7575,100.0,B.1.1.519,10/12,FV-75,1
9,Spike_D614G,7711,100.0,B.1.1.519,10/12,FV-75,1
10,Spike_P681H,7778,100.0,B.1.1.519,10/12,FV-75,1
11,Spike_T732A,7829,100.0,B.1.1.519,10/12,FV-75,1
12,NS3_W69L,8440,99.5283018868,N.D.,N.D.,N.D.,0
13,N_R203K,9499,99.7658079625,B.1.1.519,10/12,FV-75,1
14,N_G204R,9500,99.7658079625,B.1.1.519,10/12,FV-75,1
15,NS10_P10L,9726,100.0,N.D.,N.D.,N.D.,0
