lineage,frequency
B.1.1.153,15.228316957639999
B.1.258,52.202872234802
B.1.221.1,21.675424666677
