lineage,frequency
B.1.1.7,55.39424924111428
P.1,25.329302376910316
B.1.612,24.745759203215393
