,mutation,position,frequency,lineage,proportion,feature_threshold,group
0,NSP2_T85I,265,99.6677740864,B.1.214.3,16/34,FV-10,2
1,NSP2_T85I,265,99.6677740864,B.1.429,11/12,FV-75,3
2,NSP4_K399E,3162,14.0151515152,B.1.214.3,16/34,FV-10,2
3,NSP4_L438P,3201,11.8644067797,B.1.214.3,16/34,FV-10,2
4,NSP4_A446V,3209,11.3636363636,B.1.214.3,16/34,FV-10,2
5,NSP5_P96S,3359,17.4629324547,N.D.,N.D.,N.D.,0
6,NSP6_S106del,3675,15.6431054461,B.1.214.3,16/34,FV-75,1
7,NSP6_G107del,3676,15.6431054461,B.1.214.3,16/34,FV-75,1
8,NSP6_F108del,3677,15.6431054461,B.1.214.3,16/34,FV-10,2
9,NSP6_V278I,3847,13.3211678832,N.D.,N.D.,N.D.,0
10,NSP9_I65V,4205,82.9241071429,B.1.429,11/12,FV-75,3
11,NSP12_P323L,4715,99.7890295359,B.1.429,11/12,FV-75,3
12,NSP12_P323L,4715,99.7890295359,B.1.214.3,16/34,FV-75,1
13,NSP13_D260Y,5584,80.8064516129,B.1.429,11/12,FV-75,3
14,Spike_S13I,7110,84.18230563,B.1.429,11/12,FV-75,3
15,Spike_F157S,7254,13.3979015335,N.D.,N.D.,N.D.,0
16,Spike_L452R,7549,99.8952879581,B.1.214.3,16/34,FV-10,2
17,Spike_L452R,7549,99.8952879581,B.1.429,11/12,FV-75,3
18,Spike_D614G,7711,100.0,B.1.214.3,16/34,FV-75,1
19,Spike_D614G,7711,100.0,B.1.429,11/12,FV-75,3
20,Spike_T791I,7888,17.1324422843,N.D.,N.D.,N.D.,0
21,Spike_T859N,7956,15.2066115702,N.D.,N.D.,N.D.,0
22,NS3_P42L,8413,16.1246612466,B.1.214.3,16/34,FV-10,2
23,NS3_Q57H,8428,99.7286295794,B.1.429,11/12,FV-75,3
24,NS3_Q57H,8428,99.7286295794,B.1.214.3,16/34,FV-10,2
25,NS8_T11I,9185,13.7019230769,B.1.214.3,16/34,FV-10,2
26,NS8_W45R,9219,14.0049140049,N.D.,N.D.,N.D.,0
27,NS8_A51S,9225,14.1809290954,B.1.214.3,16/34,FV-10,2
28,NS8_V100L,9274,85.8156028369,B.1.429,11/12,FV-10,4
29,N_T205I,9501,99.8407643312,B.1.429,11/12,FV-75,3
30,N_T205I,9501,99.8407643312,B.1.214.3,16/34,FV-75,1
31,N_M234I,9530,85.8044164038,B.1.214.3,16/34,FV-10,2
32,N_M234I,9530,85.8044164038,B.1.429,11/12,FV-10,4
