,mutation,position,frequency,lineage,proportion,feature_threshold,group
0,NSP2_T44I,224,62.0488322718,N.D.,N.D.,N.D.,0
1,NSP2_T85I,265,40.8041697692,B.1.427,10/15,FV-75,3
2,NSP3_P141S,959,99.7865528282,B.1.1.519,10/12,FV-75,1
3,NSP3_S1424F,2242,36.6255144033,N.D.,N.D.,N.D.,0
4,NSP4_S395T,3158,42.3599320883,B.1.427,10/15,FV-75,3
5,NSP4_T492I,3255,61.0766045549,B.1.1.519,10/12,FV-75,1
6,NSP5_V186F,3449,35.7733175915,N.D.,N.D.,N.D.,0
7,NSP6_I49V,3618,64.6401118099,B.1.1.519,10/12,FV-75,1
8,NSP12_P323L,4715,99.9099909991,B.1.1.519,10/12,FV-75,1
9,NSP12_P323L,4715,99.9099909991,B.1.427,10/15,FV-75,3
10,NSP13_P53L,5377,37.3913043478,B.1.427,10/15,FV-75,3
11,NSP13_D260Y,5584,38.3033419023,B.1.427,10/15,FV-75,3
12,Spike_P9L,7106,37.516991391,N.D.,N.D.,N.D.,0
13,Spike_S13I,7110,37.35814798,B.1.427,10/15,FV-75,3
14,Spike_L452R,7549,35.1728320194,B.1.427,10/15,FV-75,3
15,Spike_T478K,7575,64.7878787879,B.1.1.519,10/12,FV-75,1
16,Spike_D614G,7711,100.0,B.1.1.519,10/12,FV-75,1
17,Spike_D614G,7711,100.0,B.1.427,10/15,FV-75,3
18,Spike_P681H,7778,59.4896331738,B.1.1.519,10/12,FV-75,1
19,Spike_T732A,7829,59.5238095238,B.1.1.519,10/12,FV-75,1
20,NS3_Q57H,8428,38.9168765743,B.1.427,10/15,FV-75,3
21,NS3_Q116L,8487,63.7630662021,N.D.,N.D.,N.D.,0
22,NS3_T151I,8522,62.0401337793,N.D.,N.D.,N.D.,0
23,N_R203K,9499,60.1482326112,B.1.1.519,10/12,FV-75,1
24,N_G204R,9500,60.1482326112,B.1.1.519,10/12,FV-75,1
25,N_T205I,9501,39.5216400911,B.1.427,10/15,FV-75,3
