,mutation,position,frequency,lineage,proportion,feature_threshold,group
0,NSP2_P129L,309,13.6842105263,N.D.,N.D.,N.D.,0
1,NSP3_A488S,1306,62.9757785467,Delta(AY.3),20/32,FV-75,3
2,NSP3_P822L,1640,30.2325581395,Delta(AY.2),15/31,FV-75,1
3,NSP3_P1228L,2046,69.1131498471,Delta(AY.3),20/32,FV-75,3
4,NSP3_P1469S,2287,75.2380952381,Delta(AY.3),20/32,FV-75,3
5,NSP4_V167L,2930,65.4867256637,Delta(AY.3),20/32,FV-75,3
6,NSP4_F375S,3138,15.0442477876,N.D.,N.D.,N.D.,0
7,NSP4_T492I,3255,66.3265306122,Delta(AY.3),20/32,FV-75,3
8,NSP5_V73I,3336,35.1089588378,N.D.,N.D.,N.D.,0
9,NSP6_T77A,3646,73.7588652482,Delta(AY.3),20/32,FV-75,3
10,NSP6_V149A,3718,15.4838709677,Delta(AY.2),15/31,FV-75,1
11,NSP6_T181I,3750,13.9072847682,Delta(AY.2),15/31,FV-75,1
12,NSP12_P323L,4715,99.4475138122,Delta(AY.2),15/31,FV-75,1
13,NSP12_P323L,4715,99.4475138122,Delta(AY.3),20/32,FV-75,3
14,NSP12_G671S,5063,86.866359447,Delta(AY.3),20/32,FV-75,3
15,NSP12_G671S,5063,86.866359447,Delta(AY.2),15/31,FV-75,1
16,NSP13_P77L,5401,80.6167400881,Delta(AY.2),15/31,FV-75,1
17,NSP13_P77L,5401,80.6167400881,Delta(AY.3),20/32,FV-75,3
18,Spike_L452R,7549,100.0,Delta(AY.2),15/31,FV-75,1
19,Spike_L452R,7549,100.0,Delta(AY.3),20/32,FV-75,3
20,Spike_T478K,7575,100.0,Delta(AY.2),15/31,FV-75,1
21,Spike_T478K,7575,100.0,Delta(AY.3),20/32,FV-75,3
22,Spike_D614G,7711,100.0,Delta(AY.2),15/31,FV-75,1
23,Spike_D614G,7711,100.0,Delta(AY.3),20/32,FV-75,3
24,Spike_P681R,7778,100.0,Delta(AY.2),15/31,FV-75,1
25,Spike_P681R,7778,100.0,Delta(AY.3),20/32,FV-75,3
26,NS3_S26L,8397,100.0,Delta(AY.3),20/32,FV-75,3
27,NS3_S26L,8397,100.0,Delta(AY.2),15/31,FV-75,1
28,NS3_E239Q,8610,14.9484536082,N.D.,N.D.,N.D.,0
29,M_I82T,8805,100.0,Delta(AY.2),15/31,FV-75,1
30,M_I82T,8805,100.0,Delta(AY.3),20/32,FV-75,3
31,NS6_E46V,8992,30.7888040712,N.D.,N.D.,N.D.,0
32,NS7a_V82A,9090,100.0,Delta(AY.2),15/31,FV-75,1
33,NS7a_V82A,9090,100.0,Delta(AY.3),20/32,FV-75,3
34,NS7a_T120I,9128,100.0,Delta(AY.2),15/31,FV-75,1
35,NS7a_T120I,9128,100.0,Delta(AY.3),20/32,FV-75,3
36,NS7b_T40I,9170,52.1739130435,Delta(AY.3),20/32,FV-75,3
37,NS8_D119del,9293,78.4946236559,N.D.,N.D.,N.D.,0
38,NS8_F120del,9294,78.4946236559,N.D.,N.D.,N.D.,0
39,N_R203M,9499,100.0,Delta(AY.2),15/31,FV-75,1
40,N_R203M,9499,100.0,Delta(AY.3),20/32,FV-75,3
41,N_G215C,9511,65.1162790698,Delta(AY.3),20/32,FV-75,3
42,NS10_T12A,9728,26.6846361186,N.D.,N.D.,N.D.,0
