lineage,frequency
Alpha,55.39424924111428
Gamma,20.41046139708
Iota,26.112103919834922
