,mutation,position,frequency,lineage,proportion,feature_threshold,group
0,NSP2_A522S,702,49.4444444444,N.D.,N.D.,N.D.,0
1,NSP3_H295Y,1113,24.269005848,B.1.221.1,8/11,FV-75,5
2,NSP3_I1683T,2501,43.0463576159,B.1.258,10/12,FV-75,3
3,NSP4_A380V,3143,18.085106383,B.1.1.153,7/9,FV-75,1
4,NSP6_L33F,3602,24.537037037,N.D.,N.D.,N.D.,0
5,NSP6_L37F,3606,17.6229508197,N.D.,N.D.,N.D.,0
6,NSP9_M101I,4241,50.7692307692,B.1.258,10/12,FV-10,4
7,NSP12_P323L,4715,98.2378854626,B.1.1.153,7/9,FV-75,1
8,NSP12_P323L,4715,98.2378854626,B.1.221.1,8/11,FV-75,5
9,NSP12_P323L,4715,98.2378854626,B.1.258,10/12,FV-75,3
10,NSP12_V720I,5112,58.3333333333,B.1.258,10/12,FV-10,4
11,NSP13_S74P,5398,21.6279069767,B.1.1.153,7/9,FV-75,1
12,NSP13_H290Y,5614,52.64,B.1.258,10/12,FV-75,3
13,NSP13_A598S,5922,50.1607717042,B.1.258,10/12,FV-10,4
14,NSP14_A504S,6429,18.8271604938,N.D.,N.D.,N.D.,0
15,Spike_L54F,7151,24.5283018868,N.D.,N.D.,N.D.,0
16,Spike_H69del,7166,28.4172661871,B.1.258,10/12,FV-10,4
17,Spike_V70del,7167,28.4172661871,B.1.258,10/12,FV-10,4
18,Spike_S98F,7195,23.5294117647,B.1.221.1,8/11,FV-75,5
19,Spike_N439K,7536,44.6254071661,B.1.258,10/12,FV-75,3
20,Spike_T547I,7644,21.0059171598,N.D.,N.D.,N.D.,0
21,Spike_D614G,7711,97.8378378378,B.1.258,10/12,FV-75,3
22,Spike_D614G,7711,97.8378378378,B.1.221.1,8/11,FV-75,5
23,Spike_D614G,7711,97.8378378378,B.1.1.153,7/9,FV-75,1
24,NS3_Q38R,8409,19.170984456,B.1.221.1,8/11,FV-75,5
25,NS3_A54S,8425,16.1111111111,B.1.1.153,7/9,FV-10,2
26,NS3_G172R,8543,18.1585677749,B.1.221.1,8/11,FV-75,5
27,NS3_V202L,8573,16.8981481481,B.1.221.1,8/11,FV-75,5
28,NS7a_T28I,9036,16.0,N.D.,N.D.,N.D.,0
29,NS8_L95F,9269,14.4271570014,N.D.,N.D.,N.D.,0
30,N_P199L,9495,10.1639344262,B.1.221.1,8/11,FV-75,5
31,N_R203K,9499,10.1587301587,B.1.1.153,7/9,FV-75,1
32,N_G204L,9500,10.1587301587,B.1.1.153,7/9,FV-10,2
