mutation,position,frequency,lineage,proportion,feature_threshold
NSP2_T44I,224,100.0,B.1.1.304,11/17,FV-75
NSP3_D135Y,953,100.0,N.D.,N.D.,N.D.
NSP3_P141S,959,100.0,B.1.1.304,11/17,FV-10
NSP3_P141S,959,100.0,B.1.1.519,11/12,FV-75
NSP4_T492I,3255,100.0,B.1.1.304,11/17,FV-10
NSP4_T492I,3255,100.0,B.1.1.519,11/12,FV-75
NSP6_I49V,3618,100.0,B.1.1.304,11/17,FV-10
NSP6_I49V,3618,100.0,B.1.1.519,11/12,FV-75
NSP9_T35I,4175,83.9203675345,B.1.1.304,11/17,FV-10
NSP9_T35I,4175,83.9203675345,B.1.1.519,11/12,FV-75
NSP12_P323L,4715,100.0,B.1.1.304,11/17,FV-75
NSP12_P323L,4715,100.0,B.1.1.519,11/12,FV-75
Spike_T478K,7575,100.0,B.1.1.304,11/17,FV-10
Spike_T478K,7575,100.0,B.1.1.519,11/12,FV-75
Spike_D614G,7711,100.0,B.1.1.304,11/17,FV-75
Spike_D614G,7711,100.0,B.1.1.519,11/12,FV-75
Spike_P681H,7778,100.0,B.1.1.304,11/17,FV-10
Spike_P681H,7778,100.0,B.1.1.519,11/12,FV-75
Spike_T732A,7829,100.0,B.1.1.519,11/12,FV-75
Spike_V1177L,8274,39.9452804378,N.D.,N.D.,N.D.
NS3_S60F,8431,100.0,N.D.,N.D.,N.D.
N_A90S,9386,100.0,N.D.,N.D.,N.D.
N_R203K,9499,99.605781866,B.1.1.304,11/17,FV-75
N_R203K,9499,99.605781866,B.1.1.519,11/12,FV-75
N_G204R,9500,99.605781866,B.1.1.304,11/17,FV-75
N_G204R,9500,99.605781866,B.1.1.519,11/12,FV-75
NSP1_K141del,141,97.2972972973,N.D.,N.D.,N.D.
NSP1_S142del,142,97.2972972973,N.D.,N.D.,N.D.
NSP1_F143del,143,97.2972972973,N.D.,N.D.,N.D.
