mutation,position,frequency,lineage,proportion,feature_threshold
NSP2_T85I,265,99.481865285,B.1.2,9/13,FV-75
NSP2_T85I,265,99.481865285,B.1.517,9/15,FV-75
NSP2_T85I,265,99.481865285,B.1.596,8/18,FV-75
NSP2_E264K,444,77.2425249169,N.D.,N.D.,N.D.
NSP3_G171V,989,73.3695652174,B.1.517,9/15,FV-75
NSP3_G307C,1125,80.243902439,N.D.,N.D.,N.D.
NSP3_M1788I,2606,24.8868778281,B.1.2,9/13,FV-10
NSP4_T295I,3058,21.359223301,N.D.,N.D.,N.D.
NSP5_L89F,3352,16.5876777251,B.1.2,9/13,FV-75
NSP5_L89F,3352,16.5876777251,B.1.596,8/18,FV-75
NSP12_I223L,4615,80.8664259928,B.1.517,9/15,FV-10
NSP12_P323L,4715,99.5535714286,B.1.2,9/13,FV-75
NSP12_P323L,4715,99.5535714286,B.1.517,9/15,FV-75
NSP12_P323L,4715,99.5535714286,B.1.596,8/18,FV-75
Spike_T95I,7192,84.2424242424,N.D.,N.D.,N.D.
Spike_N501T,7598,80.0,B.1.517,9/15,FV-75
Spike_Q613H,7710,76.4258555133,B.1.517,9/15,FV-10
Spike_D614G,7711,100.0,B.1.2,9/13,FV-75
Spike_D614G,7711,100.0,B.1.517,9/15,FV-75
Spike_D614G,7711,100.0,B.1.596,8/18,FV-75
NS3_Q57H,8428,99.5867768595,B.1.2,9/13,FV-75
NS3_Q57H,8428,99.5867768595,B.1.517,9/15,FV-75
NS3_Q57H,8428,99.5867768595,B.1.596,8/18,FV-75
E_L73F,8720,69.4915254237,N.D.,N.D.,N.D.
NS8_S24L,9198,16.6666666667,B.1.2,9/13,FV-75
NS8_S24L,9198,16.6666666667,B.1.596,8/18,FV-75
N_P67S,9363,16.1676646707,B.1.2,9/13,FV-75
N_P67S,9363,16.1676646707,B.1.596,8/18,FV-75
N_P199L,9495,19.8433420366,B.1.2,9/13,FV-75
N_P199L,9495,19.8433420366,B.1.596,8/18,FV-75
N_S206F,9502,79.8429319372,B.1.517,9/15,FV-75
