mutation,position,frequency,lineage,proportion,feature_threshold
NSP3_P141S,959,100.0,B.1.1.304,9/17,FV-10
NSP3_P141S,959,100.0,B.1.1.519,10/12,FV-75
NSP3_A1527V,2345,100.0,N.D.,N.D.,N.D.
NSP4_T461I,3224,100.0,N.D.,N.D.,N.D.
NSP4_T492I,3255,100.0,B.1.1.304,9/17,FV-10
NSP4_T492I,3255,100.0,B.1.1.519,10/12,FV-75
NSP6_I49V,3618,100.0,B.1.1.304,9/17,FV-10
NSP6_I49V,3618,100.0,B.1.1.519,10/12,FV-75
NSP12_G44V,4436,100.0,N.D.,N.D.,N.D.
NSP12_P323L,4715,100.0,B.1.1.304,9/17,FV-75
NSP12_P323L,4715,100.0,B.1.1.519,10/12,FV-75
Spike_T22I,7119,99.716713881,N.D.,N.D.,N.D.
Spike_T478K,7575,100.0,B.1.1.304,9/17,FV-10
Spike_T478K,7575,100.0,B.1.1.519,10/12,FV-75
Spike_D614G,7711,100.0,B.1.1.304,9/17,FV-75
Spike_D614G,7711,100.0,B.1.1.519,10/12,FV-75
Spike_P681H,7778,100.0,B.1.1.304,9/17,FV-10
Spike_P681H,7778,100.0,B.1.1.519,10/12,FV-75
Spike_T732A,7829,100.0,B.1.1.519,10/12,FV-75
NS3_W69L,8440,99.5283018868,N.D.,N.D.,N.D.
N_R203K,9499,99.7658079625,B.1.1.304,9/17,FV-75
N_R203K,9499,99.7658079625,B.1.1.519,10/12,FV-75
N_G204R,9500,99.7658079625,B.1.1.304,9/17,FV-75
N_G204R,9500,99.7658079625,B.1.1.519,10/12,FV-75
NS10_P10L,9726,100.0,N.D.,N.D.,N.D.
