,mutation,position,frequency,lineage,proportion,feature_threshold,group
0,NSP2_T85I,265,29.4945284002,B.1.429,9/12,FV-75,3
1,NSP2_V469F,649,19.6756756757,N.D.,N.D.,N.D.,0
2,NSP3_T183I,1001,74.361088211,Alpha,23/27,FV-75,1
3,NSP3_G777S,1595,32.2849213691,N.D.,N.D.,N.D.,0
4,NSP3_A890D,1708,78.5093167702,Alpha,23/27,FV-75,1
5,NSP3_I1412T,2230,72.9500471254,Alpha,23/27,FV-75,1
6,NSP3_A1527V,2345,70.3448275862,N.D.,N.D.,N.D.,0
7,NSP6_S106del,3675,68.8444924406,Alpha,23/27,FV-75,1
8,NSP6_G107del,3676,68.8444924406,Alpha,23/27,FV-75,1
9,NSP6_F108del,3677,68.8444924406,Alpha,23/27,FV-75,1
10,NSP9_I65V,4205,23.8907849829,B.1.429,9/12,FV-75,3
11,NSP12_P323L,4715,100.0,Alpha,23/27,FV-75,1
12,NSP12_P323L,4715,100.0,B.1.429,9/12,FV-75,3
13,NSP13_D260Y,5584,26.5533980583,B.1.429,9/12,FV-75,3
14,Spike_S13I,7110,35.0637923449,B.1.429,9/12,FV-75,3
15,Spike_H69del,7166,98.7546699875,Alpha,23/27,FV-75,1
16,Spike_V70del,7167,98.7546699875,Alpha,23/27,FV-75,1
17,Spike_P384L,7481,25.4458161866,N.D.,N.D.,N.D.,0
18,Spike_L452R,7549,24.9192680301,B.1.429,9/12,FV-75,3
19,Spike_N501Y,7598,74.5826602046,Alpha,23/27,FV-75,1
20,Spike_A570D,7667,67.3621460507,Alpha,23/27,FV-75,1
21,Spike_D614G,7711,100.0,Alpha,23/27,FV-75,1
22,Spike_D614G,7711,100.0,B.1.429,9/12,FV-75,3
23,Spike_P681H,7778,79.5138888889,Alpha,23/27,FV-75,1
24,Spike_T716I,7813,79.5918367347,Alpha,23/27,FV-75,1
25,Spike_S982A,8079,75.8941012541,Alpha,23/27,FV-75,1
26,Spike_D1118H,8215,75.192046995,Alpha,23/27,FV-75,1
27,NS3_Q57H,8428,21.0330386226,B.1.429,9/12,FV-75,3
28,NS8_Q27stop,9201,71.335504886,Alpha,23/27,FV-75,1
29,NS8_R52I,9226,71.4471968709,Alpha,23/27,FV-75,1
30,NS8_Y73C,9247,78.5854616896,Alpha,23/27,FV-75,1
31,N_D3L,9299,83.9321357285,Alpha,23/27,FV-75,1
32,N_R203K,9499,76.8059181897,Alpha,23/27,FV-75,1
33,N_G204R,9500,76.8059181897,Alpha,23/27,FV-75,1
34,N_T205I,9501,22.9437229437,B.1.429,9/12,FV-75,3
35,N_S235F,9531,76.9132107738,Alpha,23/27,FV-75,1
