,mutation,position,frequency,lineage,proportion,feature_threshold,group
0,NSP2_T85I,265,78.668261563,B.1.2,10/13,FV-75,3
1,NSP3_T183I,1001,22.8571428571,Alpha,22/27,FV-75,1
2,NSP3_A890D,1708,18.0672268908,Alpha,22/27,FV-75,1
3,NSP3_I1412T,2230,17.880794702,Alpha,22/27,FV-75,1
4,NSP3_M1788I,2606,80.5825242718,B.1.2,10/13,FV-10,4
5,NSP5_L89F,3352,78.6660575605,B.1.2,10/13,FV-75,3
6,NSP6_S106del,3675,20.3289473684,Alpha,22/27,FV-75,1
7,NSP6_G107del,3676,20.3289473684,Alpha,22/27,FV-75,1
8,NSP6_F108del,3677,20.3289473684,Alpha,22/27,FV-75,1
9,NSP8_Q24R,3966,19.1872791519,N.D.,N.D.,N.D.,0
10,NSP12_P323L,4715,99.8655913978,B.1.2,10/13,FV-75,3
11,NSP12_P323L,4715,99.8655913978,Alpha,22/27,FV-75,1
12,NSP13_K460R,5784,17.8670360111,Alpha,22/27,FV-10,2
13,NSP16_K160R,6958,17.4254317111,N.D.,N.D.,N.D.,0
14,NSP16_R216C,7014,84.2412451362,B.1.2,10/13,FV-75,3
15,Spike_N501Y,7598,22.6261530114,Alpha,22/27,FV-75,1
16,Spike_A570D,7667,22.0660346518,Alpha,22/27,FV-75,1
17,Spike_D614G,7711,99.709114415,Alpha,22/27,FV-75,1
18,Spike_D614G,7711,99.709114415,B.1.2,10/13,FV-75,3
19,Spike_P681H,7778,20.3336809176,Alpha,22/27,FV-75,1
20,Spike_T716I,7813,21.4285714286,Alpha,22/27,FV-75,1
21,Spike_S982A,8079,23.2116058029,Alpha,22/27,FV-75,1
22,Spike_D1118H,8215,22.1688400824,Alpha,22/27,FV-75,1
23,Spike_K1191N,8288,20.0244200244,N.D.,N.D.,N.D.,0
24,NS3_Q57H,8428,78.1704095112,B.1.2,10/13,FV-75,3
25,NS8_S24L,9198,69.9164345404,B.1.2,10/13,FV-75,3
26,NS8_Q27stop,9201,30.0835654596,Alpha,22/27,FV-75,1
27,NS8_R52I,9226,28.4122562674,Alpha,22/27,FV-75,1
28,NS8_Y73C,9247,32.8405017921,Alpha,22/27,FV-75,1
29,N_D3L,9299,34.3179377014,Alpha,22/27,FV-75,1
30,N_P67S,9363,61.7903930131,B.1.2,10/13,FV-75,3
31,N_P199L,9495,60.0327408793,B.1.2,10/13,FV-75,3
32,N_R203K,9499,39.6266044341,Alpha,22/27,FV-75,1
33,N_G204R,9500,39.6266044341,Alpha,22/27,FV-75,1
34,N_S235F,9531,39.8689751989,Alpha,22/27,FV-75,1
35,N_T379I,9675,61.2080536913,N.D.,N.D.,N.D.,0
