,mutation,position,frequency,lineage,proportion,feature_threshold,group
0,NSP3_T183I,1001,78.9682539683,Alpha(B.1.1.7),24/27,FV-75,1
1,NSP3_E405A,1223,79.8631476051,N.D.,N.D.,N.D.,0
2,NSP3_Y718C,1536,21.1079274117,N.D.,N.D.,N.D.,0
3,NSP3_A890D,1708,78.734858681,Alpha(B.1.1.7),24/27,FV-75,1
4,NSP3_I1412T,2230,80.0,Alpha(B.1.1.7),24/27,FV-75,1
5,NSP3_M1788I,2606,21.1033274956,B.1.2,10/13,FV-10,4
6,NSP5_L89F,3352,22.5952813067,B.1.2,10/13,FV-75,3
7,NSP6_S106del,3675,75.8847736626,Alpha(B.1.1.7),24/27,FV-75,1
8,NSP6_G107del,3676,75.8847736626,Alpha(B.1.1.7),24/27,FV-75,1
9,NSP6_F108del,3677,75.8847736626,Alpha(B.1.1.7),24/27,FV-75,1
10,NSP6_L260F,3829,76.7741935484,N.D.,N.D.,N.D.,0
11,NSP12_P323L,4715,99.9104744852,Alpha(B.1.1.7),24/27,FV-75,1
12,NSP12_P323L,4715,99.9104744852,B.1.2,10/13,FV-75,3
13,NSP16_R216C,7014,24.9884526559,B.1.2,10/13,FV-75,3
14,Spike_H69del,7166,79.3326157158,Alpha(B.1.1.7),24/27,FV-75,1
15,Spike_V70del,7167,79.3326157158,Alpha(B.1.1.7),24/27,FV-75,1
16,Spike_Y144del,7241,80.3398995751,Alpha(B.1.1.7),24/27,FV-75,1
17,Spike_N501Y,7598,79.2307692308,Alpha(B.1.1.7),24/27,FV-75,1
18,Spike_A570D,7667,82.4159021407,Alpha(B.1.1.7),24/27,FV-75,1
19,Spike_D614G,7711,99.8493975904,Alpha(B.1.1.7),24/27,FV-75,1
20,Spike_D614G,7711,99.8493975904,B.1.2,10/13,FV-75,3
21,Spike_P681H,7778,82.5320512821,Alpha(B.1.1.7),24/27,FV-75,1
22,Spike_T716I,7813,83.1496062992,Alpha(B.1.1.7),24/27,FV-75,1
23,Spike_S982A,8079,81.345177665,Alpha(B.1.1.7),24/27,FV-75,1
24,Spike_D1118H,8215,78.5087719298,Alpha(B.1.1.7),24/27,FV-75,1
25,NS3_Q57H,8428,18.6192468619,B.1.2,10/13,FV-75,3
26,M_L67I,8790,14.4259818731,N.D.,N.D.,N.D.,0
27,NS7a_R78C,9086,15.605875153,N.D.,N.D.,N.D.,0
28,NS8_S24L,9198,17.0186335404,B.1.2,10/13,FV-75,3
29,NS8_Q27stop,9201,82.5653798257,Alpha(B.1.1.7),24/27,FV-75,1
30,NS8_R52I,9226,81.8295739348,Alpha(B.1.1.7),24/27,FV-75,1
31,NS8_Y73C,9247,83.2992849847,Alpha(B.1.1.7),24/27,FV-75,1
32,N_D3L,9299,82.4120603015,Alpha(B.1.1.7),24/27,FV-75,1
33,N_P67S,9363,14.749661705,B.1.2,10/13,FV-75,3
34,N_P199L,9495,15.4305624689,B.1.2,10/13,FV-75,3
35,N_R203K,9499,84.1633466135,Alpha(B.1.1.7),24/27,FV-75,1
36,N_G204R,9500,84.1633466135,Alpha(B.1.1.7),24/27,FV-75,1
37,N_S235F,9531,84.668644906,Alpha(B.1.1.7),24/27,FV-75,1
38,N_G238C,9534,15.1260504202,N.D.,N.D.,N.D.,0
39,N_D377Y,9673,18.2940516274,B.1.2,10/13,FV-10,4
