,mutation,position,frequency,lineage,proportion,feature_threshold,group
0,NSP2_T85I,265,92.6028663893,Iota,17/37,FV-75,3
1,NSP4_L438P,3201,91.7597765363,Iota,17/37,FV-75,3
2,NSP5_P241S,3504,92.1608040201,N.D.,N.D.,N.D.,0
3,NSP6_S106del,3675,99.1919191919,Iota,17/37,FV-75,3
4,NSP6_S106del,3675,99.1919191919,Alpha,12/27,FV-75,1
5,NSP6_G107del,3676,99.1919191919,Alpha,12/27,FV-75,1
6,NSP6_G107del,3676,99.1919191919,Iota,17/37,FV-75,3
7,NSP6_F108del,3677,99.1919191919,Alpha,12/27,FV-75,1
8,NSP6_F108del,3677,99.1919191919,Iota,17/37,FV-75,3
9,NSP12_P323L,4715,99.815498155,Iota,17/37,FV-75,3
10,NSP12_P323L,4715,99.815498155,Alpha,12/27,FV-75,1
11,Spike_L5F,7102,88.5245901639,Iota,17/37,FV-75,3
12,Spike_T95I,7192,91.3669064748,Iota,17/37,FV-75,3
13,Spike_D253G,7350,93.3503836317,Iota,17/37,FV-75,3
14,Spike_S477N,7574,91.5243902439,Iota,17/37,FV-10,4
15,Spike_D614G,7711,99.7399702823,Alpha,12/27,FV-75,1
16,Spike_D614G,7711,99.7399702823,Iota,17/37,FV-75,3
17,Spike_A701V,7798,91.7861799218,Iota,17/37,FV-10,4
18,NS3_S26L,8397,91.9793621013,N.D.,N.D.,N.D.,0
19,NS3_P42L,8413,91.7413874469,Iota,17/37,FV-75,3
20,NS3_Q57H,8428,92.0620009394,Iota,17/37,FV-75,3
21,NS8_T11I,9185,88.5057471264,Iota,17/37,FV-75,3
22,NS8_Q27stop,9201,10.2661596958,Alpha,12/27,FV-75,1
23,NS8_R52I,9226,10.9848484848,Alpha,12/27,FV-75,1
24,NS8_Y73C,9247,11.5659519168,Alpha,12/27,FV-75,1
25,N_D3L,9299,12.03187251,Alpha,12/27,FV-75,1
26,N_P199L,9495,85.5756268536,Iota,17/37,FV-10,4
27,N_R203K,9499,14.1897339425,Alpha,12/27,FV-75,1
28,N_G204R,9500,14.1897339425,Alpha,12/27,FV-75,1
29,N_M234I,9530,85.3137516689,Iota,17/37,FV-75,3
30,N_S235F,9531,14.590557482,Alpha,12/27,FV-75,1
31,N_D377Y,9673,86.7647058824,N.D.,N.D.,N.D.,0
32,NS10_V33F,9749,14.4680851064,N.D.,N.D.,N.D.,0
