,mutation,position,frequency,lineage,proportion,feature_threshold,group
0,NSP2_T85I,265,26.3237518911,B.1.429,11/12,FV-75,3
1,NSP2_P181S,361,77.2988505747,N.D.,N.D.,N.D.,0
2,NSP3_G116D,934,28.6026200873,N.D.,N.D.,N.D.,0
3,NSP3_T183I,1001,77.38791423,Alpha,24/27,FV-75,1
4,NSP3_A890D,1708,75.5384615385,Alpha,24/27,FV-75,1
5,NSP3_I1412T,2230,76.9543973941,Alpha,24/27,FV-75,1
6,NSP6_S106del,3675,77.7777777778,Alpha,24/27,FV-75,1
7,NSP6_G107del,3676,77.7777777778,Alpha,24/27,FV-75,1
8,NSP6_F108del,3677,77.7777777778,Alpha,24/27,FV-75,1
9,NSP8_A45V,3987,22.8754365541,N.D.,N.D.,N.D.,0
10,NSP9_I65V,4205,28.0172413793,B.1.429,11/12,FV-75,3
11,NSP12_P323L,4715,99.5815899582,Alpha,24/27,FV-75,1
12,NSP12_P323L,4715,99.5815899582,B.1.429,11/12,FV-75,3
13,NSP13_D260Y,5584,25.3258845438,B.1.429,11/12,FV-75,3
14,NSP13_I370V,5694,72.5281231498,N.D.,N.D.,N.D.,0
15,Spike_S13I,7110,23.698630137,B.1.429,11/12,FV-75,3
16,Spike_H69del,7166,98.0694980695,Alpha,24/27,FV-75,1
17,Spike_V70del,7167,98.0694980695,Alpha,24/27,FV-75,1
18,Spike_S98F,7195,99.8719590269,N.D.,N.D.,N.D.,0
19,Spike_Y144del,7241,88.3557636044,Alpha,24/27,FV-75,1
20,Spike_L452R,7549,19.2680301399,B.1.429,11/12,FV-75,3
21,Spike_N501Y,7598,81.3104189044,Alpha,24/27,FV-75,1
22,Spike_A570D,7667,81.9124423963,Alpha,24/27,FV-75,1
23,Spike_D614G,7711,100.0,B.1.429,11/12,FV-75,3
24,Spike_D614G,7711,100.0,Alpha,24/27,FV-75,1
25,Spike_P681H,7778,76.3819095477,Alpha,24/27,FV-75,1
26,Spike_T716I,7813,75.1269035533,Alpha,24/27,FV-75,1
27,Spike_S982A,8079,79.9357945425,Alpha,24/27,FV-75,1
28,Spike_D1118H,8215,76.5673175745,Alpha,24/27,FV-75,1
29,NS3_Q57H,8428,19.3740685544,B.1.429,11/12,FV-75,3
30,NS3_W131C,8502,79.4326241135,N.D.,N.D.,N.D.,0
31,NS7a_P84L,9092,79.2771084337,N.D.,N.D.,N.D.,0
32,NS8_Q27stop,9201,82.1852731591,Alpha,24/27,FV-75,1
33,NS8_R52I,9226,81.1455847255,Alpha,24/27,FV-75,1
34,NS8_Y73C,9247,81.0600155885,Alpha,24/27,FV-75,1
35,NS8_V100L,9274,19.4933920705,B.1.429,11/12,FV-10,4
36,N_D3L,9299,79.6255506608,Alpha,24/27,FV-75,1
37,N_R203K,9499,83.6749116608,Alpha,24/27,FV-75,1
38,N_G204R,9500,83.6749116608,Alpha,24/27,FV-75,1
39,N_T205I,9501,16.1244695898,B.1.429,11/12,FV-75,3
40,N_M234I,9530,15.763546798,B.1.429,11/12,FV-10,4
41,N_S235F,9531,84.0253342716,Alpha,24/27,FV-75,1
