,mutation,position,frequency,lineage,proportion,feature_threshold,group
0,NSP2_P96S,276,13.3187772926,N.D.,N.D.,N.D.,0
1,NSP3_P141S,959,16.7202572347,B.1.1.519,10/12,FV-75,3
2,NSP3_T183I,1001,78.3964365256,Alpha,25/27,FV-75,1
3,NSP3_R345K,1163,19.5378151261,N.D.,N.D.,N.D.,0
4,NSP3_A890D,1708,79.5918367347,Alpha,25/27,FV-75,1
5,NSP3_I1412T,2230,82.636148382,Alpha,25/27,FV-75,1
6,NSP4_T492I,3255,18.9189189189,B.1.1.519,10/12,FV-75,3
7,NSP6_I49V,3618,17.7071509648,B.1.1.519,10/12,FV-75,3
8,NSP6_S106del,3675,82.3136818687,Alpha,25/27,FV-75,1
9,NSP6_G107del,3676,82.3136818687,Alpha,25/27,FV-75,1
10,NSP6_F108del,3677,82.3136818687,Alpha,25/27,FV-75,1
11,NSP6_L260F,3829,80.4664723032,N.D.,N.D.,N.D.,0
12,NSP12_P227L,4619,83.0357142857,Alpha,25/27,FV-10,2
13,NSP12_P323L,4715,100.0,Alpha,25/27,FV-75,1
14,NSP12_P323L,4715,100.0,B.1.1.519,10/12,FV-75,3
15,NSP13_R595K,5919,18.3112919634,N.D.,N.D.,N.D.,0
16,NSP16_T110I,6908,16.3636363636,N.D.,N.D.,N.D.,0
17,NSP16_R216N,7014,17.7191328935,N.D.,N.D.,N.D.,0
18,Spike_H69del,7166,85.035971223,Alpha,25/27,FV-75,1
19,Spike_V70del,7167,85.035971223,Alpha,25/27,FV-75,1
20,Spike_Y144del,7241,81.6884661118,Alpha,25/27,FV-75,1
21,Spike_T478K,7575,15.652173913,B.1.1.519,10/12,FV-75,3
22,Spike_N501Y,7598,83.4638816362,Alpha,25/27,FV-75,1
23,Spike_A570D,7667,82.6923076923,Alpha,25/27,FV-75,1
24,Spike_D614G,7711,100.0,B.1.1.519,10/12,FV-75,3
25,Spike_D614G,7711,100.0,Alpha,25/27,FV-75,1
26,Spike_P681H,7778,100.0,Alpha,25/27,FV-75,1
27,Spike_P681H,7778,100.0,B.1.1.519,10/12,FV-75,3
28,Spike_T716I,7813,79.6812749004,Alpha,25/27,FV-75,1
29,Spike_T732A,7829,18.431372549,B.1.1.519,10/12,FV-75,3
30,Spike_S982A,8079,80.7692307692,Alpha,25/27,FV-75,1
31,Spike_D1118H,8215,81.1688311688,Alpha,25/27,FV-75,1
32,NS8_Q27stop,9201,79.9180327869,Alpha,25/27,FV-75,1
33,NS8_R52I,9226,80.081300813,Alpha,25/27,FV-75,1
34,NS8_Y73C,9247,80.4721030043,Alpha,25/27,FV-75,1
35,N_D3L,9299,81.2589413448,Alpha,25/27,FV-75,1
36,N_R203K,9499,99.7863247863,B.1.1.519,10/12,FV-75,3
37,N_R203K,9499,99.7863247863,Alpha,25/27,FV-75,1
38,N_G204R,9500,99.7863247863,B.1.1.519,10/12,FV-75,3
39,N_G204R,9500,99.7863247863,Alpha,25/27,FV-75,1
40,N_S235F,9531,78.1216648879,Alpha,25/27,FV-75,1
41,N_D288N,9584,21.0772833724,N.D.,N.D.,N.D.,0
