,mutation,position,frequency,lineage,proportion,feature_threshold,group
0,NSP2_E19K,199,19.4871794872,N.D.,N.D.,N.D.,0
1,NSP2_T85I,265,79.1560102302,Iota,20/37,FV-75,3
2,NSP3_T1189I,2007,21.2860310421,Eta,14/20,FV-75,1
3,NSP4_L438P,3201,80.9523809524,Iota,20/37,FV-75,3
4,NSP6_S106del,3675,95.1754385965,Iota,20/37,FV-75,3
5,NSP6_S106del,3675,95.1754385965,Eta,14/20,FV-75,1
6,NSP6_G107del,3676,95.1754385965,Eta,14/20,FV-75,1
7,NSP6_G107del,3676,95.1754385965,Iota,20/37,FV-75,3
8,NSP6_F108del,3677,95.1754385965,Eta,14/20,FV-75,1
9,NSP6_F108del,3677,95.1754385965,Iota,20/37,FV-75,3
10,NSP12_P323L,4715,81.4159292035,Iota,20/37,FV-75,3
11,NSP12_P323F,4715,18.3222958057,Eta,14/20,FV-75,1
12,Spike_L5F,7102,88.5869565217,Iota,20/37,FV-75,3
13,Spike_Q52R,7149,20.8722741433,Eta,14/20,FV-75,1
14,Spike_T95I,7192,74.7346072187,Iota,20/37,FV-75,3
15,Spike_Y144del,7241,20.9545983702,Iota,20/37,FV-10,4
16,Spike_Y144del,7241,20.9545983702,Eta,14/20,FV-75,1
17,Spike_D253G,7350,76.8733850129,Iota,20/37,FV-75,3
18,Spike_E484K,7581,99.7835497835,Eta,14/20,FV-75,1
19,Spike_E484K,7581,99.7835497835,Iota,20/37,FV-10,4
20,Spike_D614G,7711,99.7429305913,Eta,14/20,FV-75,1
21,Spike_D614G,7711,99.7429305913,Iota,20/37,FV-75,3
22,Spike_Q677H,7774,25.1908396947,Eta,14/20,FV-75,1
23,Spike_A701V,7798,74.4047619048,Iota,20/37,FV-10,4
24,Spike_F888L,7985,21.2723658052,Eta,14/20,FV-75,1
25,NS3_P42L,8413,81.2793979304,Iota,20/37,FV-75,3
26,NS3_Q57H,8428,81.4049586777,Iota,20/37,FV-75,3
27,NS3_P104L,8475,78.2287822878,Iota,20/37,FV-10,4
28,M_I82T,8805,19.5238095238,Eta,14/20,FV-75,1
29,NS8_T11I,9185,83.2298136646,Iota,20/37,FV-75,3
30,N_S2Y,9298,16.7938931298,N.D.,N.D.,N.D.,0
31,N_D3del,9299,16.7938931298,N.D.,N.D.,N.D.,0
32,N_A12G,9308,17.3003802281,Eta,14/20,FV-75,1
33,N_P199L,9495,76.9485903814,Iota,20/37,FV-10,4
34,N_T205I,9501,23.198011599,Iota,20/37,FV-10,4
35,N_T205I,9501,23.198011599,Eta,14/20,FV-75,1
36,N_M234I,9530,76.3551401869,Iota,20/37,FV-75,3
37,N_T247I,9543,76.6710934042,N.D.,N.D.,N.D.,0
