,mutation,position,frequency,lineage,proportion,feature_threshold,group
0,NSP2_T85I,265,99.9254843517,B.1.568,10/14,FV-75,1
1,NSP2_T85I,265,99.9254843517,Iota,19/37,FV-75,3
2,NSP3_P153S,971,83.141025641,B.1.568,10/14,FV-10,2
3,NSP3_V1209A,2027,19.7087378641,N.D.,N.D.,N.D.,0
4,NSP4_K399E,3162,19.6679438059,Iota,19/37,FV-10,4
5,NSP4_L438P,3201,15.6756756757,Iota,19/37,FV-75,3
6,NSP4_A446V,3209,15.7181571816,Iota,19/37,FV-10,4
7,NSP5_K90R,3353,68.4946236559,B.1.568,10/14,FV-75,1
8,NSP6_S106del,3675,19.2647058824,Iota,19/37,FV-75,3
9,NSP6_G107del,3676,19.2647058824,Iota,19/37,FV-75,3
10,NSP6_F108del,3677,19.2647058824,Iota,19/37,FV-75,3
11,NSP6_V278I,3847,19.2468619247,Iota,19/37,FV-10,4
12,NSP8_L122I,4064,83.1364124597,B.1.568,10/14,FV-75,1
13,NSP12_P323L,4715,99.8905908096,B.1.568,10/14,FV-75,1
14,NSP12_P323L,4715,99.8905908096,Iota,19/37,FV-75,3
15,NSP13_T416I,5740,83.0996884735,B.1.568,10/14,FV-75,1
16,Spike_L249S,7346,82.5430130088,N.D.,N.D.,N.D.,0
17,Spike_L452R,7549,15.4684095861,Iota,19/37,FV-10,4
18,Spike_P561S,7658,80.5911879532,N.D.,N.D.,N.D.,0
19,Spike_D614G,7711,99.8888271262,B.1.568,10/14,FV-75,1
20,Spike_D614G,7711,99.8888271262,Iota,19/37,FV-75,3
21,Spike_T859N,7956,16.5726681128,Iota,19/37,FV-10,4
22,NS3_P42L,8413,12.6637554585,Iota,19/37,FV-75,3
23,NS3_Q57H,8428,99.9375390381,Iota,19/37,FV-75,3
24,NS3_Q57H,8428,99.9375390381,B.1.568,10/14,FV-75,1
25,NS3_P104L,8475,18.0,Iota,19/37,FV-10,4
26,NS3_W131L,8502,18.0803571429,N.D.,N.D.,N.D.,0
27,NS8_G8V,9182,84.5588235294,B.1.568,10/14,FV-75,1
28,NS8_T11I,9185,14.9492017417,Iota,19/37,FV-75,3
29,NS8_A51S,9225,15.5197657394,Iota,19/37,FV-10,4
30,N_S190I,9486,84.4748858447,B.1.568,10/14,FV-75,1
31,N_T205I,9501,15.7121135327,Iota,19/37,FV-10,4
32,N_M234I,9530,15.9979685119,Iota,19/37,FV-75,3
