,mutation,position,frequency,lineage,proportion,feature_threshold,group
0,NSP2_T85I,265,82.5928623452,B.1.427,10/15,FV-75,3
1,NSP2_L271H,451,32.4692327835,N.D.,N.D.,N.D.,0
2,NSP3_T183I,1001,16.140776699,Alpha(B.1.1.7),23/27,FV-75,1
3,NSP3_A890D,1708,16.71875,Alpha(B.1.1.7),23/27,FV-75,1
4,NSP3_I1412T,2230,19.4148125571,Alpha(B.1.1.7),23/27,FV-75,1
5,NSP4_S395T,3158,82.5,B.1.427,10/15,FV-75,3
6,NSP6_S106del,3675,15.6586966714,Alpha(B.1.1.7),23/27,FV-75,1
7,NSP6_G107del,3676,15.6586966714,Alpha(B.1.1.7),23/27,FV-75,1
8,NSP6_F108del,3677,15.6586966714,Alpha(B.1.1.7),23/27,FV-75,1
9,NSP12_P323L,4715,99.8444790047,B.1.427,10/15,FV-75,3
10,NSP12_P323L,4715,99.8444790047,Alpha(B.1.1.7),23/27,FV-75,1
11,NSP13_P53L,5377,86.1717612809,B.1.427,10/15,FV-75,3
12,NSP13_D260Y,5584,86.3350125945,B.1.427,10/15,FV-75,3
13,NSP13_S523L,5847,83.75,N.D.,N.D.,N.D.,0
14,Spike_L5F,7102,16.0794044665,N.D.,N.D.,N.D.,0
15,Spike_S13I,7110,83.9383391348,B.1.427,10/15,FV-75,3
16,Spike_H69del,7166,96.933560477,Alpha(B.1.1.7),23/27,FV-75,1
17,Spike_V70del,7167,96.933560477,Alpha(B.1.1.7),23/27,FV-75,1
18,Spike_L452R,7549,81.0900082576,B.1.427,10/15,FV-75,3
19,Spike_N501Y,7598,18.9805221716,Alpha(B.1.1.7),23/27,FV-75,1
20,Spike_A570D,7667,18.4456928839,Alpha(B.1.1.7),23/27,FV-75,1
21,Spike_D614G,7711,99.9534233815,B.1.427,10/15,FV-75,3
22,Spike_D614G,7711,99.9534233815,Alpha(B.1.1.7),23/27,FV-75,1
23,Spike_P681H,7778,20.2380952381,Alpha(B.1.1.7),23/27,FV-75,1
24,Spike_T716I,7813,20.4697986577,Alpha(B.1.1.7),23/27,FV-75,1
25,Spike_S982A,8079,19.4568121104,Alpha(B.1.1.7),23/27,FV-75,1
26,Spike_D1118H,8215,20.2653799759,Alpha(B.1.1.7),23/27,FV-75,1
27,NS3_Q57H,8428,81.1170212766,B.1.427,10/15,FV-75,3
28,NS3_T151I,8522,17.9368745189,N.D.,N.D.,N.D.,0
29,NS7a_Q62stop,9070,25.9,N.D.,N.D.,N.D.,0
30,NS8_Q27stop,9201,23.5555555556,Alpha(B.1.1.7),23/27,FV-75,1
31,NS8_R52I,9226,24.2603550296,Alpha(B.1.1.7),23/27,FV-75,1
32,NS8_Y73C,9247,26.3565891473,Alpha(B.1.1.7),23/27,FV-75,1
33,N_D3L,9299,27.7253218884,Alpha(B.1.1.7),23/27,FV-75,1
34,N_R203K,9499,29.4360902256,Alpha(B.1.1.7),23/27,FV-75,1
35,N_G204R,9500,29.4360902256,Alpha(B.1.1.7),23/27,FV-75,1
36,N_T205I,9501,70.3606311044,B.1.427,10/15,FV-75,3
37,N_S235F,9531,29.7347777363,Alpha(B.1.1.7),23/27,FV-75,1
