,mutation,position,frequency,lineage,proportion,feature_threshold,group
0,NSP2_T85I,265,40.2022756005,B.1.429,11/12,FV-75,3
1,NSP2_T634I,814,57.3137074517,N.D.,N.D.,N.D.,0
2,NSP3_T183I,1001,59.1763652641,Alpha,25/27,FV-75,1
3,NSP3_A890D,1708,55.0295857988,Alpha,25/27,FV-75,1
4,NSP3_I1412T,2230,58.9103291714,Alpha,25/27,FV-75,1
5,NSP6_S106del,3675,60.873015873,Alpha,25/27,FV-75,1
6,NSP6_G107del,3676,60.873015873,Alpha,25/27,FV-75,1
7,NSP6_F108del,3677,60.873015873,Alpha,25/27,FV-75,1
8,NSP9_I65V,4205,42.3716558207,B.1.429,11/12,FV-75,3
9,NSP12_P227L,4619,61.2165178571,Alpha,25/27,FV-10,2
10,NSP12_P323L,4715,99.8198198198,Alpha,25/27,FV-75,1
11,NSP12_P323L,4715,99.8198198198,B.1.429,11/12,FV-75,3
12,NSP13_D260Y,5584,41.0352187834,B.1.429,11/12,FV-75,3
13,NSP14_P451S,6376,64.0926640927,N.D.,N.D.,N.D.,0
14,Spike_S13I,7110,42.1739130435,B.1.429,11/12,FV-75,3
15,Spike_T20I,7117,58.605664488,N.D.,N.D.,N.D.,0
16,Spike_H69del,7166,98.8319856244,Alpha,25/27,FV-75,1
17,Spike_V70del,7167,98.8319856244,Alpha,25/27,FV-75,1
18,Spike_Y144del,7241,82.6086956522,Alpha,25/27,FV-75,1
19,Spike_L452R,7549,39.8426654327,B.1.429,11/12,FV-75,3
20,Spike_N501Y,7598,59.8975314392,Alpha,25/27,FV-75,1
21,Spike_A570D,7667,57.5932737782,Alpha,25/27,FV-75,1
22,Spike_D614G,7711,99.9480519481,B.1.429,11/12,FV-75,3
23,Spike_D614G,7711,99.9480519481,Alpha,25/27,FV-75,1
24,Spike_P681H,7778,60.6659729448,Alpha,25/27,FV-75,1
25,Spike_T716I,7813,59.5679012346,Alpha,25/27,FV-75,1
26,Spike_S982A,8079,61.652173913,Alpha,25/27,FV-75,1
27,Spike_D1118H,8215,59.5670391061,Alpha,25/27,FV-75,1
28,NS3_Q57H,8428,41.3375224417,B.1.429,11/12,FV-75,3
29,NS8_Q27stop,9201,58.2089552239,Alpha,25/27,FV-75,1
30,NS8_R52I,9226,60.5660377358,Alpha,25/27,FV-75,1
31,NS8_Y73C,9247,59.5687331536,Alpha,25/27,FV-75,1
32,NS8_V100L,9274,40.6727828746,B.1.429,11/12,FV-10,4
33,N_D3L,9299,58.5440613027,Alpha,25/27,FV-75,1
34,N_R203K,9499,54.5266067726,Alpha,25/27,FV-75,1
35,N_G204R,9500,54.5266067726,Alpha,25/27,FV-75,1
36,N_T205I,9501,45.1434497062,B.1.429,11/12,FV-75,3
37,N_M234I,9530,43.9875604699,B.1.429,11/12,FV-10,4
38,N_S235F,9531,55.7898375389,Alpha,25/27,FV-75,1
