,mutation,position,frequency,lineage,proportion,feature_threshold,group
0,NSP2_T85I,265,76.6022380468,Iota,17/37,FV-75,1
1,NSP3_P141S,959,24.7877758913,B.1.1.519,10/12,FV-75,3
2,NSP3_R345K,1163,22.8629236216,N.D.,N.D.,N.D.,0
3,NSP3_K1771R,2589,25.5439924314,N.D.,N.D.,N.D.,0
4,NSP4_L438P,3201,69.776119403,Iota,17/37,FV-75,1
5,NSP4_T492I,3255,25.8687258687,B.1.1.519,10/12,FV-75,3
6,NSP6_I49V,3618,22.6666666667,B.1.1.519,10/12,FV-75,3
7,NSP6_S106del,3675,73.8378378378,Iota,17/37,FV-75,1
8,NSP6_G107del,3676,73.8378378378,Iota,17/37,FV-75,1
9,NSP6_F108del,3677,73.8378378378,Iota,17/37,FV-75,1
10,NSP12_P323L,4715,99.7180451128,Iota,17/37,FV-75,1
11,NSP12_P323L,4715,99.7180451128,B.1.1.519,10/12,FV-75,3
12,NSP13_R595K,5919,24.0217391304,N.D.,N.D.,N.D.,0
13,NSP14_P142S,6067,28.1831187411,N.D.,N.D.,N.D.,0
14,Spike_L5F,7102,73.1848983543,Iota,17/37,FV-75,1
15,Spike_T95I,7192,74.9072929543,Iota,17/37,FV-75,1
16,Spike_D253G,7350,76.8716018402,Iota,17/37,FV-75,1
17,Spike_T478K,7575,27.017225748,B.1.1.519,10/12,FV-75,3
18,Spike_E484K,7581,73.1663685152,Iota,17/37,FV-10,2
19,Spike_D614G,7711,99.7084548105,B.1.1.519,10/12,FV-75,3
20,Spike_D614G,7711,99.7084548105,Iota,17/37,FV-75,1
21,Spike_P681H,7778,20.1138519924,B.1.1.519,10/12,FV-75,3
22,Spike_A701V,7798,79.0528233151,Iota,17/37,FV-10,2
23,Spike_T732A,7829,22.0486111111,B.1.1.519,10/12,FV-75,3
24,NS3_P42L,8413,73.1543624161,Iota,17/37,FV-75,1
25,NS3_Q57H,8428,73.4477124183,Iota,17/37,FV-75,1
26,NS8_T11I,9185,69.0812720848,Iota,17/37,FV-75,1
27,N_P199L,9495,67.0877192982,Iota,17/37,FV-10,2
28,N_R203K,9499,32.4512534819,B.1.1.519,10/12,FV-75,3
29,N_G204R,9500,32.4512534819,B.1.1.519,10/12,FV-75,3
30,N_M234I,9530,64.3342391304,Iota,17/37,FV-75,1
31,N_D288N,9584,29.217110573,N.D.,N.D.,N.D.,0
