,mutation,position,frequency,lineage,proportion,feature_threshold,group
0,NSP1_G82del,82,15.6133828996,N.D.,N.D.,N.D.,0
1,NSP1_H83del,83,15.6133828996,N.D.,N.D.,N.D.,0
2,NSP1_V84del,84,15.6133828996,N.D.,N.D.,N.D.,0
3,NSP1_M85del,85,15.6133828996,N.D.,N.D.,N.D.,0
4,NSP1_V86del,86,15.6133828996,N.D.,N.D.,N.D.,0
5,NSP2_T85I,265,39.2857142857,Iota,16/37,FV-75,3
6,NSP2_H208Y,388,73.9369684842,N.D.,N.D.,N.D.,0
7,NSP3_K977Q,1795,77.2115384615,Gamma,19/25,FV-75,1
8,NSP4_L438P,3201,27.6595744681,Iota,16/37,FV-75,3
9,NSP6_S106del,3675,99.5829858215,Iota,16/37,FV-75,3
10,NSP6_S106del,3675,99.5829858215,Gamma,19/25,FV-75,1
11,NSP6_G107del,3676,99.5829858215,Iota,16/37,FV-75,3
12,NSP6_G107del,3676,99.5829858215,Gamma,19/25,FV-75,1
13,NSP6_F108del,3677,99.5829858215,Gamma,19/25,FV-75,1
14,NSP6_F108del,3677,99.5829858215,Iota,16/37,FV-75,3
15,NSP12_P323L,4715,99.9645641389,Gamma,19/25,FV-75,1
16,NSP12_P323L,4715,99.9645641389,Iota,16/37,FV-75,3
17,NSP13_E341D,5665,66.5490887713,Gamma,19/25,FV-75,1
18,NSP14_P121S,6046,41.5448851775,N.D.,N.D.,N.D.,0
19,Spike_L5F,7102,46.4991624791,Iota,16/37,FV-75,3
20,Spike_L18F,7115,53.3288500336,Gamma,19/25,FV-75,1
21,Spike_T20N,7117,53.3266129032,Gamma,19/25,FV-75,1
22,Spike_P26S,7123,53.2528504359,Gamma,19/25,FV-75,1
23,Spike_T95I,7192,52.2331154684,Iota,16/37,FV-75,3
24,Spike_R190S,7287,11.2211221122,Gamma,19/25,FV-75,1
25,Spike_E484K,7581,99.8873873874,Iota,16/37,FV-10,4
26,Spike_E484K,7581,99.8873873874,Gamma,19/25,FV-75,1
27,Spike_N501Y,7598,60.0,Gamma,19/25,FV-75,1
28,Spike_D614G,7711,100.0,Iota,16/37,FV-75,3
29,Spike_D614G,7711,100.0,Gamma,19/25,FV-75,1
30,Spike_H655Y,7752,57.5117370892,Gamma,19/25,FV-75,1
31,Spike_A701V,7798,42.5581395349,Iota,16/37,FV-10,4
32,Spike_V1176F,8273,39.1697711549,Gamma,19/25,FV-75,1
33,NS3_P42L,8413,49.2963752665,Iota,16/37,FV-75,3
34,NS3_Q57H,8428,49.6170212766,Iota,16/37,FV-75,3
35,NS3_S253P,8624,57.6860179886,Gamma,19/25,FV-75,1
36,NS8_T11I,9185,90.1209677419,Iota,16/37,FV-75,3
37,N_P80R,9376,66.0161507402,Gamma,19/25,FV-75,1
38,N_P199L,9495,46.5961361546,Iota,16/37,FV-10,4
39,N_R203K,9499,52.8084714549,Gamma,19/25,FV-75,1
40,N_G204R,9500,52.8084714549,Gamma,19/25,FV-75,1
41,N_M234I,9530,47.0829535096,Iota,16/37,FV-75,3
