,mutation,position,frequency,lineage,proportion,feature_threshold,group
0,NSP2_T85I,265,88.144072036,B.1.427,10/15,FV-75,3
1,NSP2_P129S,309,11.6758933065,N.D.,N.D.,N.D.,0
2,NSP3_K977Q,1795,20.8357183744,Gamma,18/25,FV-75,1
3,NSP3_T1348I,2166,14.8084742136,N.D.,N.D.,N.D.,0
4,NSP4_S395T,3158,84.8626716604,B.1.427,10/15,FV-75,3
5,NSP6_S106del,3675,17.5343456255,Gamma,18/25,FV-75,1
6,NSP6_G107del,3676,17.5343456255,Gamma,18/25,FV-75,1
7,NSP6_F108del,3677,17.5343456255,Gamma,18/25,FV-75,1
8,NSP12_P323L,4715,99.9546073536,B.1.427,10/15,FV-75,3
9,NSP12_P323L,4715,99.9546073536,Gamma,18/25,FV-75,1
10,NSP13_P53L,5377,86.6438356164,B.1.427,10/15,FV-75,3
11,NSP13_E162K,5486,15.9769008662,N.D.,N.D.,N.D.,0
12,NSP13_D260Y,5584,90.7822620827,B.1.427,10/15,FV-75,3
13,NSP13_E341D,5665,17.032967033,Gamma,18/25,FV-75,1
14,NSP14_M153I,6078,10.8414239482,N.D.,N.D.,N.D.,0
15,Spike_S13I,7110,83.7209302326,B.1.427,10/15,FV-75,3
16,Spike_L18F,7115,16.119873817,Gamma,18/25,FV-75,1
17,Spike_T20N,7117,16.0995589162,Gamma,18/25,FV-75,1
18,Spike_P26S,7123,16.1371500472,Gamma,18/25,FV-75,1
19,Spike_D215H,7312,97.0967741935,N.D.,N.D.,N.D.,0
20,Spike_L452R,7549,83.7527593819,B.1.427,10/15,FV-75,3
21,Spike_E484K,7581,16.091954023,Gamma,18/25,FV-75,1
22,Spike_N501Y,7598,16.1001788909,Gamma,18/25,FV-75,1
23,Spike_D614G,7711,99.8198198198,Gamma,18/25,FV-75,1
24,Spike_D614G,7711,99.8198198198,B.1.427,10/15,FV-75,3
25,Spike_H655Y,7752,25.3968253968,Gamma,18/25,FV-75,1
26,Spike_A688V,7785,25.6064690027,N.D.,N.D.,N.D.,0
27,Spike_V1176F,8273,17.2946859903,Gamma,18/25,FV-75,1
28,NS3_Q57H,8428,83.0242510699,B.1.427,10/15,FV-75,3
29,NS3_S253P,8624,17.4080664294,Gamma,18/25,FV-75,1
30,NS7a_T61I,9069,23.0425055928,N.D.,N.D.,N.D.,0
31,N_P80R,9376,23.3838786911,Gamma,18/25,FV-75,1
32,N_R203K,9499,24.2346938776,Gamma,18/25,FV-75,1
33,N_G204R,9500,24.2346938776,Gamma,18/25,FV-75,1
34,N_T205I,9501,73.8723404255,B.1.427,10/15,FV-75,3
