,mutation,position,frequency,lineage,proportion,feature_threshold,group
0,NSP3_T237A,1055,11.8065783014,B.1.621,11/32,FV-75,3
1,NSP3_G301D,1119,86.4644970414,N.D.,N.D.,N.D.,0
2,NSP3_A488S,1306,88.1208053691,Delta,23/36,FV-75,1
3,NSP3_T720I,1538,11.2820512821,B.1.621,11/32,FV-75,3
4,NSP3_P1228L,2046,88.6603284356,Delta,23/36,FV-75,1
5,NSP3_P1469S,2287,87.5603217158,Delta,23/36,FV-75,1
6,NSP4_V167L,2930,86.7433930094,Delta,23/36,FV-75,1
7,NSP4_T492I,3255,99.557913351,B.1.621,11/32,FV-75,3
8,NSP4_T492I,3255,99.557913351,Delta,23/36,FV-75,1
9,NSP6_T77A,3646,87.6734173178,Delta,23/36,FV-75,1
10,NSP6_F216C,3785,85.5457627119,N.D.,N.D.,N.D.,0
11,NSP12_P323L,4715,99.8147576412,B.1.621,11/32,FV-75,3
12,NSP12_P323L,4715,99.8147576412,Delta,23/36,FV-75,1
13,NSP12_G671S,5063,85.7404468319,Delta,23/36,FV-75,1
14,NSP12_E729D,5121,84.2423303378,N.D.,N.D.,N.D.,0
15,NSP13_P77L,5401,86.9871043376,Delta,23/36,FV-75,1
16,NSP13_P419S,5743,14.6362098139,B.1.621,11/32,FV-75,3
17,NSP16_S33I,6831,10.9051254089,N.D.,N.D.,N.D.,0
18,Spike_T19R,7116,78.0952380952,Delta,23/36,FV-75,1
19,Spike_T95I,7192,100.0,B.1.621,11/32,FV-75,3
20,Spike_T95I,7192,100.0,Delta,23/36,FV-10,2
21,Spike_R346K,7443,11.8690313779,B.1.621,11/32,FV-75,3
22,Spike_L452R,7549,90.2932254803,Delta,23/36,FV-75,1
23,Spike_T478K,7575,89.979338843,Delta,23/36,FV-75,1
24,Spike_N501Y,7598,10.4016477858,B.1.621,11/32,FV-75,3
25,Spike_D614G,7711,100.0,Delta,23/36,FV-75,1
26,Spike_D614G,7711,100.0,B.1.621,11/32,FV-75,3
27,Spike_P681R,7778,90.2827340104,Delta,23/36,FV-75,1
28,NS3_S26L,8397,89.1452713682,Delta,23/36,FV-75,1
29,NS3_Q57H,8428,10.8116883117,B.1.621,11/32,FV-75,3
30,M_I82T,8805,89.1669410603,Delta,23/36,FV-75,1
31,NS7a_V82A,9090,89.4779771615,Delta,23/36,FV-75,1
32,NS7a_T120I,9128,89.4439967768,Delta,23/36,FV-75,1
33,NS7b_T40I,9170,90.1417525773,Delta,23/36,FV-75,1
34,NS8_D119del,9293,91.1655368467,N.D.,N.D.,N.D.,0
35,NS8_F120del,9294,91.1655368467,N.D.,N.D.,N.D.,0
36,N_R203M,9499,88.6861313869,Delta,23/36,FV-75,1
37,N_T205I,9501,11.5431348724,B.1.621,11/32,FV-75,3
38,N_G215C,9511,88.4146341463,Delta,23/36,FV-75,1
39,N_D377Y,9673,89.6984924623,Delta,23/36,FV-75,1
